{"cameraMode":{"drawMode":0,"name":"Shaded","section":"Shading Mode"},"sceneLighting":true,"audioPlay":false,"sceneViewState":{"m_AlwaysRefresh":false,"showFog":true,"showSkybox":true,"showFlares":true,"showImageEffects":true,"showParticleSystems":true,"showVisualEffectGraphs":true,"m_FxEnabled":true},"in2DMode":false,"pivot":{"x":-0.6062808036804199,"y":0.06377416849136353,"z":2.7250640392303469},"rotation":{"x":-0.15290196239948274,"y":0.3990413546562195,"z":-0.06767600029706955,"w":-0.9015564918518066},"size":1.0147463083267213,"orthographic":true}